InvoiceNo,StockCode,Description,Quantity,UnitPrice,InvoiceDate,CustomerID,Country
C500000,SKU000,Item 000,-5,1.25,2024-01-01 12:00:00,10000,Sample
500001,SKU001,Item 001,39,2.75,2024-01-01 12:00:00,10001,Sample
500002,SKU002,Item 002,33,4.5,2024-01-01 12:00:00,10002,Sample
500003,SKU003,Item 003,22,7.0,2024-01-01 12:00:00,10003,Sample
C500004,SKU004,Item 004,-22,1.25,2024-01-01 12:00:00,10004,Sample
500005,SKU005,Item 005,43,2.75,2024-01-01 12:00:00,10005,Sample
500006,SKU006,Item 006,5,4.5,2024-01-01 12:00:00,10006,Sample
500007,SKU007,Item 007,35,7.0,2024-01-01 12:00:00,10007,Sample
C500008,SKU008,Item 008,-11,1.25,2024-01-01 12:00:00,10008,Sample
500009,SKU009,Item 009,5,2.75,2024-01-01 12:00:00,10009,Sample
500010,SKU010,Item 010,27,4.5,2024-01-01 12:00:00,10010,Sample
500011,SKU011,Item 011,49,7.0,2024-01-01 12:00:00,10011,Sample
C500012,SKU012,Item 012,-37,1.25,2024-01-01 12:00:00,10012,Sample
500013,SKU013,Item 013,39,2.75,2024-01-01 12:00:00,10013,Sample
500014,SKU014,Item 014,36,4.5,2024-01-01 12:00:00,10014,Sample
500015,SKU015,Item 015,40,7.0,2024-01-01 12:00:00,10015,Sample
C500016,SKU016,Item 016,-26,1.25,2024-01-01 12:00:00,10016,Sample
500017,SKU017,Item 017,7,2.75,2024-01-01 12:00:00,10017,Sample
500018,SKU018,Item 018,42,4.5,2024-01-01 12:00:00,10018,Sample
500019,SKU019,Item 019,23,7.0,2024-01-01 12:00:00,10019,Sample
C500020,SKU020,Item 020,-26,1.25,2024-01-01 12:00:00,10020,Sample
500021,SKU021,Item 021,19,2.75,2024-01-01 12:00:00,10021,Sample
500022,SKU022,Item 022,10,4.5,2024-01-01 12:00:00,10022,Sample
500023,SKU023,Item 023,47,7.0,2024-01-01 12:00:00,10023,Sample
C500024,SKU024,Item 024,-40,1.25,2024-01-01 12:00:00,10024,Sample
500025,SKU025,Item 025,33,2.75,2024-01-01 12:00:00,10025,Sample
500026,SKU026,Item 026,21,4.5,2024-01-01 12:00:00,10026,Sample
500027,SKU027,Item 027,42,7.0,2024-01-01 12:00:00,10027,Sample
C500028,SKU028,Item 028,-28,1.25,2024-01-01 12:00:00,10028,Sample
500029,SKU029,Item 029,23,2.75,2024-01-01 12:00:00,10029,Sample
500030,SKU030,Item 030,23,4.5,2024-01-01 12:00:00,10030,Sample
500031,SKU031,Item 031,12,7.0,2024-01-01 12:00:00,10031,Sample
C500032,SKU032,Item 032,-5,1.25,2024-01-01 12:00:00,10032,Sample
500033,SKU033,Item 033,28,2.75,2024-01-01 12:00:00,10033,Sample
500034,SKU034,Item 034,45,4.5,2024-01-01 12:00:00,10034,Sample
500035,SKU035,Item 035,4,7.0,2024-01-01 12:00:00,10035,Sample
C500036,SKU036,Item 036,-43,1.25,2024-01-01 12:00:00,10036,Sample
500037,SKU037,Item 037,42,2.75,2024-01-01 12:00:00,10037,Sample
500038,SKU038,Item 038,14,4.5,2024-01-01 12:00:00,10038,Sample
500039,SKU039,Item 039,32,7.0,2024-01-01 12:00:00,10039,Sample
C500040,SKU000,Item 000,-9,1.25,2024-01-01 12:00:00,10000,Sample
500041,SKU001,Item 001,38,2.75,2024-01-01 12:00:00,10001,Sample
500042,SKU002,Item 002,36,4.5,2024-01-01 12:00:00,10002,Sample
500043,SKU003,Item 003,18,7.0,2024-01-01 12:00:00,10003,Sample
C500044,SKU004,Item 004,-4,1.25,2024-01-01 12:00:00,10004,Sample
500045,SKU005,Item 005,49,2.75,2024-01-01 12:00:00,10005,Sample
500046,SKU006,Item 006,23,4.5,2024-01-01 12:00:00,10006,Sample
500047,SKU007,Item 007,45,7.0,2024-01-01 12:00:00,10007,Sample
C500048,SKU008,Item 008,-34,1.25,2024-01-01 12:00:00,10008,Sample
500049,SKU009,Item 009,39,2.75,2024-01-01 12:00:00,10009,Sample
500050,SKU010,Item 010,38,4.5,2024-01-01 12:00:00,10010,Sample
500051,SKU011,Item 011,10,7.0,2024-01-01 12:00:00,10011,Sample
C500052,SKU012,Item 012,-19,1.25,2024-01-01 12:00:00,10012,Sample
500053,SKU013,Item 013,24,2.75,2024-01-01 12:00:00,10013,Sample
500054,SKU014,Item 014,25,4.5,2024-01-01 12:00:00,10014,Sample
500055,SKU015,Item 015,3,7.0,2024-01-01 12:00:00,10015,Sample
C500056,SKU016,Item 016,-28,1.25,2024-01-01 12:00:00,10016,Sample
500057,SKU017,Item 017,8,2.75,2024-01-01 12:00:00,10017,Sample
500058,SKU018,Item 018,38,4.5,2024-01-01 12:00:00,10018,Sample
500059,SKU019,Item 019,35,7.0,2024-01-01 12:00:00,10019,Sample
C500060,SKU020,Item 020,-47,1.25,2024-01-01 12:00:00,10020,Sample
500061,SKU021,Item 021,38,2.75,2024-01-01 12:00:00,10021,Sample
500062,SKU022,Item 022,19,4.5,2024-01-01 12:00:00,10022,Sample
500063,SKU023,Item 023,49,7.0,2024-01-01 12:00:00,10023,Sample
C500064,SKU024,Item 024,-21,1.25,2024-01-01 12:00:00,10024,Sample
500065,SKU025,Item 025,17,2.75,2024-01-01 12:00:00,10025,Sample
500066,SKU026,Item 026,46,4.5,2024-01-01 12:00:00,10026,Sample
500067,SKU027,Item 027,19,7.0,2024-01-01 12:00:00,10027,Sample
C500068,SKU028,Item 028,-4,1.25,2024-01-01 12:00:00,10028,Sample
500069,SKU029,Item 029,24,2.75,2024-01-01 12:00:00,10029,Sample
500070,SKU030,Item 030,40,4.5,2024-01-01 12:00:00,10030,Sample
500071,SKU031,Item 031,10,7.0,2024-01-01 12:00:00,10031,Sample
C500072,SKU032,Item 032,-24,1.25,2024-01-01 12:00:00,10032,Sample
500073,SKU033,Item 033,7,2.75,2024-01-01 12:00:00,10033,Sample
500074,SKU034,Item 034,35,4.5,2024-01-01 12:00:00,10034,Sample
500075,SKU035,Item 035,24,7.0,2024-01-01 12:00:00,10035,Sample
C500076,SKU036,Item 036,-17,1.25,2024-01-01 12:00:00,10036,Sample
500077,SKU037,Item 037,12,2.75,2024-01-01 12:00:00,10037,Sample
500078,SKU038,Item 038,29,4.5,2024-01-01 12:00:00,10038,Sample
500079,SKU039,Item 039,34,7.0,2024-01-01 12:00:00,10039,Sample
C500080,SKU000,Item 000,-48,1.25,2024-01-01 12:00:00,10000,Sample
500081,SKU001,Item 001,22,2.75,2024-01-01 12:00:00,10001,Sample
500082,SKU002,Item 002,9,4.5,2024-01-01 12:00:00,10002,Sample
500083,SKU003,Item 003,42,7.0,2024-01-01 12:00:00,10003,Sample
C500084,SKU004,Item 004,-32,1.25,2024-01-01 12:00:00,10004,Sample
500085,SKU005,Item 005,36,2.75,2024-01-01 12:00:00,10005,Sample
500086,SKU006,Item 006,5,4.5,2024-01-01 12:00:00,10006,Sample
500087,SKU007,Item 007,16,7.0,2024-01-01 12:00:00,10007,Sample
C500088,SKU008,Item 008,-39,1.25,2024-01-01 12:00:00,10008,Sample
500089,SKU009,Item 009,42,2.75,2024-01-01 12:00:00,10009,Sample
500090,SKU010,Item 010,22,4.5,2024-01-01 12:00:00,10010,Sample
500091,SKU011,Item 011,41,7.0,2024-01-01 12:00:00,10011,Sample
C500092,SKU012,Item 012,-43,1.25,2024-01-01 12:00:00,10012,Sample
500093,SKU013,Item 013,20,2.75,2024-01-01 12:00:00,10013,Sample
500094,SKU014,Item 014,45,4.5,2024-01-01 12:00:00,10014,Sample
500095,SKU015,Item 015,15,7.0,2024-01-01 12:00:00,10015,Sample
C500096,SKU016,Item 016,-12,1.25,2024-01-01 12:00:00,10016,Sample
500097,SKU017,Item 017,35,2.75,2024-01-01 12:00:00,10017,Sample
500098,SKU018,Item 018,32,4.5,2024-01-01 12:00:00,10018,Sample
500099,SKU019,Item 019,7,7.0,2024-01-01 12:00:00,10019,Sample
C500100,SKU020,Item 020,-42,1.25,2024-01-01 12:00:00,10020,Sample
500101,SKU021,Item 021,10,2.75,2024-01-01 12:00:00,10021,Sample
500102,SKU022,Item 022,41,4.5,2024-01-01 12:00:00,10022,Sample
500103,SKU023,Item 023,1,7.0,2024-01-01 12:00:00,10023,Sample
C500104,SKU024,Item 024,-40,1.25,2024-01-01 12:00:00,10024,Sample
500105,SKU025,Item 025,40,2.75,2024-01-01 12:00:00,10025,Sample
500106,SKU026,Item 026,40,4.5,2024-01-01 12:00:00,10026,Sample
500107,SKU027,Item 027,34,7.0,2024-01-01 12:00:00,10027,Sample
C500108,SKU028,Item 028,-24,1.25,2024-01-01 12:00:00,10028,Sample
500109,SKU029,Item 029,36,2.75,2024-01-01 12:00:00,10029,Sample
500110,SKU030,Item 030,14,4.5,2024-01-01 12:00:00,10030,Sample
500111,SKU031,Item 031,40,7.0,2024-01-01 12:00:00,10031,Sample
C500112,SKU032,Item 032,-28,1.25,2024-01-01 12:00:00,10032,Sample
500113,SKU033,Item 033,23,2.75,2024-01-01 12:00:00,10033,Sample
500114,SKU034,Item 034,26,4.5,2024-01-01 12:00:00,10034,Sample
500115,SKU035,Item 035,29,7.0,2024-01-01 12:00:00,10035,Sample
C500116,SKU036,Item 036,-2,1.25,2024-01-01 12:00:00,10036,Sample
500117,SKU037,Item 037,7,2.75,2024-01-01 12:00:00,10037,Sample
500118,SKU038,Item 038,13,4.5,2024-01-01 12:00:00,10038,Sample
500119,SKU039,Item 039,6,7.0,2024-01-01 12:00:00,10039,Sample
C500120,SKU000,Item 000,-22,1.25,2024-01-01 12:00:00,10000,Sample
500121,SKU001,Item 001,34,2.75,2024-01-01 12:00:00,10001,Sample
500122,SKU002,Item 002,33,4.5,2024-01-01 12:00:00,10002,Sample
500123,SKU003,Item 003,24,7.0,2024-01-01 12:00:00,10003,Sample
C500124,SKU004,Item 004,-43,1.25,2024-01-01 12:00:00,10004,Sample
500125,SKU005,Item 005,29,2.75,2024-01-01 12:00:00,10005,Sample
500126,SKU006,Item 006,4,4.5,2024-01-01 12:00:00,10006,Sample
500127,SKU007,Item 007,39,7.0,2024-01-01 12:00:00,10007,Sample
C500128,SKU008,Item 008,-29,1.25,2024-01-01 12:00:00,10008,Sample
500129,SKU009,Item 009,32,2.75,2024-01-01 12:00:00,10009,Sample
500130,SKU010,Item 010,29,4.5,2024-01-01 12:00:00,10010,Sample
500131,SKU011,Item 011,28,7.0,2024-01-01 12:00:00,10011,Sample
C500132,SKU012,Item 012,-5,1.25,2024-01-01 12:00:00,10012,Sample
500133,SKU013,Item 013,28,2.75,2024-01-01 12:00:00,10013,Sample
500134,SKU014,Item 014,40,4.5,2024-01-01 12:00:00,10014,Sample
500135,SKU015,Item 015,16,7.0,2024-01-01 12:00:00,10015,Sample
C500136,SKU016,Item 016,-31,1.25,2024-01-01 12:00:00,10016,Sample
500137,SKU017,Item 017,2,2.75,2024-01-01 12:00:00,10017,Sample
500138,SKU018,Item 018,18,4.5,2024-01-01 12:00:00,10018,Sample
500139,SKU019,Item 019,22,7.0,2024-01-01 12:00:00,10019,Sample
C500140,SKU020,Item 020,-50,1.25,2024-01-01 12:00:00,10020,Sample
500141,SKU021,Item 021,11,2.75,2024-01-01 12:00:00,10021,Sample
500142,SKU022,Item 022,14,4.5,2024-01-01 12:00:00,10022,Sample
500143,SKU023,Item 023,21,7.0,2024-01-01 12:00:00,10023,Sample
C500144,SKU024,Item 024,-50,1.25,2024-01-01 12:00:00,10024,Sample
500145,SKU025,Item 025,43,2.75,2024-01-01 12:00:00,10025,Sample
500146,SKU026,Item 026,2,4.5,2024-01-01 12:00:00,10026,Sample
500147,SKU027,Item 027,12,7.0,2024-01-01 12:00:00,10027,Sample
C500148,SKU028,Item 028,-42,1.25,2024-01-01 12:00:00,10028,Sample
500149,SKU029,Item 029,3,2.75,2024-01-01 12:00:00,10029,Sample
500150,SKU030,Item 030,43,4.5,2024-01-01 12:00:00,10030,Sample
500151,SKU031,Item 031,15,7.0,2024-01-01 12:00:00,10031,Sample
C500152,SKU032,Item 032,-46,1.25,2024-01-01 12:00:00,10032,Sample
500153,SKU033,Item 033,15,2.75,2024-01-01 12:00:00,10033,Sample
500154,SKU034,Item 034,22,4.5,2024-01-01 12:00:00,10034,Sample
500155,SKU035,Item 035,34,7.0,2024-01-01 12:00:00,10035,Sample
C500156,SKU036,Item 036,-7,1.25,2024-01-01 12:00:00,10036,Sample
500157,SKU037,Item 037,28,2.75,2024-01-01 12:00:00,10037,Sample
500158,SKU038,Item 038,26,4.5,2024-01-01 12:00:00,10038,Sample
500159,SKU039,Item 039,40,7.0,2024-01-01 12:00:00,10039,Sample
C600000,SKU000,Item 000,-40,1.25,2024-01-02 12:00:00,11000,Sample
C600001,SKU001,Item 001,-27,2.75,2024-01-02 12:00:00,11001,Sample
C600002,SKU002,Item 002,-17,4.5,2024-01-02 12:00:00,11002,Sample
C600003,SKU003,Item 003,-17,7.0,2024-01-02 12:00:00,11003,Sample
C600004,SKU004,Item 004,-17,1.25,2024-01-02 12:00:00,11004,Sample
C600005,SKU005,Item 005,-33,2.75,2024-01-02 12:00:00,11005,Sample
C600006,SKU006,Item 006,-13,4.5,2024-01-02 12:00:00,11006,Sample
C600007,SKU007,Item 007,-7,7.0,2024-01-02 12:00:00,11007,Sample
C600008,SKU008,Item 008,-14,1.25,2024-01-02 12:00:00,11008,Sample
C600009,SKU009,Item 009,-1,2.75,2024-01-02 12:00:00,11009,Sample
C600010,SKU010,Item 010,-5,4.5,2024-01-02 12:00:00,11010,Sample
C600011,SKU011,Item 011,-4,7.0,2024-01-02 12:00:00,11011,Sample
C600012,SKU012,Item 012,-31,1.25,2024-01-02 12:00:00,11012,Sample
C600013,SKU013,Item 013,-29,2.75,2024-01-02 12:00:00,11013,Sample
C600014,SKU014,Item 014,-28,4.5,2024-01-02 12:00:00,11014,Sample
C600015,SKU015,Item 015,-19,7.0,2024-01-02 12:00:00,11015,Sample
C600016,SKU016,Item 016,-29,1.25,2024-01-02 12:00:00,11016,Sample
C600017,SKU017,Item 017,-7,2.75,2024-01-02 12:00:00,11017,Sample
C600018,SKU018,Item 018,-37,4.5,2024-01-02 12:00:00,11018,Sample
C600019,SKU019,Item 019,-21,7.0,2024-01-02 12:00:00,11019,Sample
C600020,SKU020,Item 020,-38,1.25,2024-01-02 12:00:00,11020,Sample
C600021,SKU021,Item 021,-7,2.75,2024-01-02 12:00:00,11021,Sample
C600022,SKU022,Item 022,-20,4.5,2024-01-02 12:00:00,11022,Sample
C600023,SKU023,Item 023,-28,7.0,2024-01-02 12:00:00,11023,Sample
C600024,SKU024,Item 024,-20,1.25,2024-01-02 12:00:00,11024,Sample
C600025,SKU025,Item 025,-18,2.75,2024-01-02 12:00:00,11025,Sample
C600026,SKU026,Item 026,-7,4.5,2024-01-02 12:00:00,11026,Sample
C600027,SKU027,Item 027,-16,7.0,2024-01-02 12:00:00,11027,Sample
C600028,SKU028,Item 028,-10,1.25,2024-01-02 12:00:00,11028,Sample
C600029,SKU029,Item 029,-13,2.75,2024-01-02 12:00:00,11029,Sample
C600030,SKU030,Item 030,-28,4.5,2024-01-02 12:00:00,11030,Sample
C600031,SKU031,Item 031,-26,7.0,2024-01-02 12:00:00,11031,Sample
C600032,SKU032,Item 032,-25,1.25,2024-01-02 12:00:00,11032,Sample
C600033,SKU033,Item 033,-15,2.75,2024-01-02 12:00:00,11033,Sample
C600034,SKU034,Item 034,-39,4.5,2024-01-02 12:00:00,11034,Sample
C600035,SKU035,Item 035,-4,7.0,2024-01-02 12:00:00,11035,Sample
C600036,SKU036,Item 036,-14,1.25,2024-01-02 12:00:00,11036,Sample
C600037,SKU037,Item 037,-5,2.75,2024-01-02 12:00:00,11037,Sample
C600038,SKU038,Item 038,-14,4.5,2024-01-02 12:00:00,11038,Sample
C600039,SKU039,Item 039,-39,7.0,2024-01-02 12:00:00,11039,Sample
