episode,step_level,steps,placed,total_reward,epsilon,loss
1,1,20,20,10.0,1.0,
2,1,20,20,-5.0,0.99,79.67463
3,1,20,20,25.0,0.9801,77.79435
4,1,20,20,-5.0,0.9703,68.37233
5,2,20,20,45.0,0.9606,62.67561
6,2,20,20,30.0,0.95099,60.81925
7,2,20,20,45.0,0.94148,100.42748
8,2,20,20,0.0,0.93207,139.73137
9,3,20,20,15.5,0.92274,118.37498
10,3,20,20,46.0,0.91352,108.37965
11,3,20,20,15.0,0.90438,85.13729
12,3,20,20,30.7,0.89534,96.53212
13,4,20,20,49.2,0.88638,83.85275
14,4,20,20,33.6,0.87752,60.07015
15,4,20,20,35.1,0.86875,48.5292
16,4,20,20,78.7,0.86006,47.43511
